{
  "log10": {
    "r2": 0.389055748526436,
    "mae": 0.5438273549079895,
    "rmse": 0.740666389465332
  },
  "rate": {
    "r2": -0.002968636268793734,
    "mae": 406.0505676269531,
    "rmse": 1325.536376953125
  },
  "calibration": {
    "slope": 0.8866726160049438,
    "intercept": 0.19533507525920868
  }
}