{
  "log10": {
    "r2": 0.48080874305867494,
    "mae": 0.5061746066309333,
    "rmse": 0.6827874827668944
  },
  "rate": {
    "r2": 0.001855903947644011
  },
  "weights": {
    "w_mlp": 0.10324179411431511,
    "w_lgb": 0.9182558038246693,
    "b": -0.037644982026046436
  }
}