{
  "r2": 0.3652039118636208,
  "mae": 0.618634819984436,
  "rmse": 0.8205587267875671,
  "calibration": {
    "slope": 0.9123154878616333,
    "intercept": 0.24797511100769043
  }
}