{
  "train": {
    "r2": 0.9867072105407715,
    "mae": 0.08236967772245407
  },
  "val": {
    "r2": 0.8396614789962769,
    "mae": 0.23883311450481415
  },
  "test": {
    "r2": 0.5170213580131531,
    "mae": 0.523066520690918
  },
  "best_params": {
    "learning_rate": 5.0942970892403476e-05,
    "n_graph_layers": 5,
    "n_output_layers": 1,
    "samples_per_epoch": 300
  }
}