feature,correlation
amine_BV_secondary_avg,0.4379883873059453
amine_Charges_secondary_1,0.39941576584869554
amine_pka_basic,0.14955007262144757
amine_class_1_mixture,0.13717047496483079
