{
  "r2": 0.31699331406128595,
  "mae": 0.6505947113037109,
  "rmse": 0.8511478304862976
}