{
  "cv": {
    "rmse": 1.057959081341756,
    "mae": 0.7562573350660214,
    "r2": 0.7085271396832689,
    "pearson_r": 0.841977708450389
  },
  "rho": 1.6313994323369412,
  "split_TEST2": {
    "rmse": 2.0105498743564975e-06,
    "mae": 1.41997199731847e-06,
    "r2": 0.9999999999809857,
    "pearson_r": 0.9999999999999984
  },
  "split_TRAIN": {
    "rmse": 3.4452693673822916e-06,
    "mae": 1.9538570928204965e-06,
    "r2": 0.9999999999960356,
    "pearson_r": 0.9999999999980597
  },
  "split_TEST1": {
    "rmse": 2.8072428340429744e-06,
    "mae": 1.8788398748414012e-06,
    "r2": 0.9999999999981476,
    "pearson_r": 0.9999999999991466
  },
  "overall_hf_insample": {
    "rmse": 3.067531256618901e-06,
    "mae": 1.8998091999835283e-06,
    "r2": 0.9999999999975496,
    "pearson_r": 0.999999999998834
  },
  "overall_hf_oof": {
    "rmse": 1.057959081341756,
    "mae": 0.7562573350660214,
    "r2": 0.7085271396832689,
    "pearson_r": 0.8419777084503887
  }
}