{
  "tag": "ens7_eq",
  "method": "kfold5_constant",
  "alpha": 0.05,
  "coverage_test": 0.6844660194174758,
  "mean_interval_width": 0.7897571133400211,
  "n_train": 619,
  "k": 5,
  "q_median": 0.3948785566700106
}