{
  "tag": "curated8_eq",
  "method": "kfold5_adaptive",
  "alpha": 0.05,
  "coverage_test": 0.5485436893203883,
  "mean_interval_width": 0.667283389339313,
  "n_train": 619,
  "k": 5,
  "q_median": 5.945011660723194
}