{
  "tag": "ens7_eq",
  "method": "mondrian_pair_constant",
  "alpha": 0.05,
  "coverage_test": 0.6844660194174758,
  "mean_interval_width": 0.7778229096335763,
  "n_train": 619,
  "n_cal": 123,
  "n_groups": 0,
  "global_q": 0.38891145481678824
}