{
  "tag": "ens7_eq",
  "method": "mondrian_amines_adaptive",
  "alpha": 0.05,
  "coverage_test": 0.8883495145631068,
  "mean_interval_width": 1.683058416842305,
  "n_train": 619,
  "n_cal": 123,
  "n_groups": 8,
  "global_q": 18.99407529280786
}