{
  "tag": "ens7_eq",
  "method": "kfold5_adaptive",
  "alpha": 0.05,
  "coverage_test": 0.8689320388349514,
  "mean_interval_width": 1.5542309030691266,
  "n_train": 619,
  "k": 5,
  "q_median": 17.323006089889482
}