{
  "tag": "ens7_eq",
  "adaptive": true,
  "alpha": 0.05,
  "calibration_fraction": 0.2,
  "n_train": 619,
  "n_cal": 123,
  "quantile_q": 16.414526237513744,
  "n_test": 206,
  "coverage_test": 0.8543689320388349
}