{
  "tag": "ens7_eq",
  "method": "mondrian_pair_adaptive",
  "alpha": 0.05,
  "coverage_test": 0.9029126213592233,
  "mean_interval_width": 1.9143343834390587,
  "n_train": 619,
  "n_cal": 123,
  "n_groups": 0,
  "global_q": 21.336614860066714
}