{
  "cv": {
    "rmse": 1.2347091563464978,
    "mae": 0.8491724719919016,
    "r2": 0.6030007203037859,
    "pearson_r": 0.7992346324180264
  },
  "split_TEST": {
    "rmse": 1.4021291454716178,
    "mae": 0.9887417877144843,
    "r2": 0.5234463560708484,
    "pearson_r": 0.8541444143649809
  },
  "split_TRAIN": {
    "rmse": 1.1703953166325511,
    "mae": 0.8473751918149459,
    "r2": 0.5424962032570639,
    "pearson_r": 0.847917118355993
  },
  "overall_nmr_subset": {
    "rmse": 1.3137387049391673,
    "mae": 0.9318156417146704,
    "r2": 0.550553118419064,
    "pearson_r": 0.8470494647658606
  }
}