{
  "ridge": {
    "weights": [
      0.2866853559979319,
      0.5692984719732703,
      0.746948062499934,
      -0.5828332721989826
    ],
    "intercept": -0.032661622330315554,
    "alpha": 0.1623776739188721,
    "test_r2": 0.8028320304454173,
    "test_mae": 0.333248245295922,
    "test_rmse": 0.42649524251991094,
    "coverage90_test": 0.8446601941747572,
    "coverage95_test": 0.9611650485436893,
    "q90": 0.6521804248440718,
    "q95": 0.8572151148782923
  },
  "nnls": {
    "weights": [
      0.0,
      0.3890298159508852,
      0.6180282718973118,
      0.0
    ],
    "intercept": -0.01141775482695917,
    "solver": "nnls",
    "test_r2": 0.8012024470196564,
    "test_mae": 0.32943158460130584,
    "test_rmse": 0.4282540967320269,
    "coverage90_test": 0.8398058252427184,
    "coverage95_test": 0.941747572815534,
    "q90": 0.6124736785772456,
    "q95": 0.8438092007040531
  },
  "equal_mean_calibration_curve": {
    "alphas": [
      0.5,
      0.51,
      0.52,
      0.53,
      0.54,
      0.55,
      0.56,
      0.5700000000000001,
      0.58,
      0.59,
      0.6,
      0.61,
      0.62,
      0.63,
      0.64,
      0.65,
      0.66,
      0.67,
      0.6799999999999999,
      0.69,
      0.7,
      0.71,
      0.72,
      0.73,
      0.74,
      0.75,
      0.76,
      0.77,
      0.78,
      0.79,
      0.8,
      0.81,
      0.8200000000000001,
      0.8300000000000001,
      0.8400000000000001,
      0.8500000000000001,
      0.86,
      0.87,
      0.88,
      0.89,
      0.9,
      0.91,
      0.9199999999999999,
      0.9299999999999999,
      0.94,
      0.95,
      0.96,
      0.97,
      0.98,
      0.99
    ],
    "coverages": [
      0.49514563106796117,
      0.5048543689320388,
      0.5145631067961165,
      0.5145631067961165,
      0.5194174757281553,
      0.529126213592233,
      0.5339805825242718,
      0.5388349514563107,
      0.5533980582524272,
      0.5679611650485437,
      0.5679611650485437,
      0.5728155339805825,
      0.587378640776699,
      0.587378640776699,
      0.6019417475728155,
      0.616504854368932,
      0.6213592233009708,
      0.6310679611650486,
      0.6407766990291263,
      0.6456310679611651,
      0.6601941747572816,
      0.6699029126213593,
      0.6941747572815534,
      0.6941747572815534,
      0.6990291262135923,
      0.7135922330097088,
      0.7233009708737864,
      0.7281553398058253,
      0.7281553398058253,
      0.7281553398058253,
      0.7281553398058253,
      0.7330097087378641,
      0.7330097087378641,
      0.7427184466019418,
      0.7572815533980582,
      0.7766990291262136,
      0.7815533980582524,
      0.7961165048543689,
      0.8106796116504854,
      0.8106796116504854,
      0.8252427184466019,
      0.8446601941747572,
      0.883495145631068,
      0.8980582524271845,
      0.912621359223301,
      0.9514563106796117,
      0.9514563106796117,
      0.970873786407767,
      0.9902912621359223,
      1.0
    ],
    "widths": [
      0.4670769501413359,
      0.4744441997001354,
      0.48428138117926345,
      0.48736131221983237,
      0.492031111840615,
      0.5009417041100956,
      0.5084686716685578,
      0.5288583859383426,
      0.5479704899130747,
      0.561065393617354,
      0.5722516467755516,
      0.5929607528280274,
      0.612669047655894,
      0.6314853844014157,
      0.6391588307851632,
      0.662616147320439,
      0.6754335796744081,
      0.6924399302498351,
      0.6954891116478509,
      0.7023611455345237,
      0.7384245699522293,
      0.7515179656922637,
      0.7824199429853611,
      0.7868695050200443,
      0.8026192949652626,
      0.8205314481031019,
      0.8374121155470446,
      0.8478478466059471,
      0.8643232403256431,
      0.8687693148405637,
      0.8870685203146103,
      0.8883501059784421,
      0.8928632044257355,
      0.9172252498707059,
      0.9453424296151903,
      1.0139030819090877,
      1.0589673336187577,
      1.1012274605966177,
      1.1299400157852846,
      1.1370912995524574,
      1.1781478632136788,
      1.231057869920546,
      1.3352568459077176,
      1.427210653171797,
      1.5227181008003692,
      1.7085793477069684,
      1.7939151739800265,
      2.0870512036338433,
      2.646898302040673,
      2.882992290978288
    ]
  },
  "ridge_calibration_curve": {
    "alphas": [
      0.5,
      0.51,
      0.52,
      0.53,
      0.54,
      0.55,
      0.56,
      0.5700000000000001,
      0.58,
      0.59,
      0.6,
      0.61,
      0.62,
      0.63,
      0.64,
      0.65,
      0.66,
      0.67,
      0.6799999999999999,
      0.69,
      0.7,
      0.71,
      0.72,
      0.73,
      0.74,
      0.75,
      0.76,
      0.77,
      0.78,
      0.79,
      0.8,
      0.81,
      0.8200000000000001,
      0.8300000000000001,
      0.8400000000000001,
      0.8500000000000001,
      0.86,
      0.87,
      0.88,
      0.89,
      0.9,
      0.91,
      0.9199999999999999,
      0.9299999999999999,
      0.94,
      0.95,
      0.96,
      0.97,
      0.98,
      0.99
    ],
    "coverages": [
      0.470873786407767,
      0.49029126213592233,
      0.49514563106796117,
      0.5,
      0.5,
      0.5097087378640777,
      0.5145631067961165,
      0.5679611650485437,
      0.5728155339805825,
      0.5776699029126213,
      0.5970873786407767,
      0.6067961165048543,
      0.6213592233009708,
      0.6359223300970874,
      0.6504854368932039,
      0.6650485436893204,
      0.6699029126213593,
      0.6893203883495146,
      0.6941747572815534,
      0.6941747572815534,
      0.6990291262135923,
      0.6990291262135923,
      0.7038834951456311,
      0.7135922330097088,
      0.7233009708737864,
      0.7233009708737864,
      0.7281553398058253,
      0.7330097087378641,
      0.7330097087378641,
      0.7378640776699029,
      0.7378640776699029,
      0.7475728155339806,
      0.7475728155339806,
      0.7475728155339806,
      0.7572815533980582,
      0.7621359223300971,
      0.7815533980582524,
      0.7912621359223301,
      0.8252427184466019,
      0.8398058252427184,
      0.8446601941747572,
      0.8592233009708737,
      0.8980582524271845,
      0.9271844660194175,
      0.9514563106796117,
      0.9611650485436893,
      0.9611650485436893,
      0.9805825242718447,
      1.0,
      1.0
    ],
    "widths": [
      0.48272327064908216,
      0.4955393751157585,
      0.49704168675012583,
      0.5103997114792,
      0.5209922205985987,
      0.5298070073127459,
      0.533903038589723,
      0.5768557318093711,
      0.5902011149609626,
      0.5971685646083981,
      0.6206694314469532,
      0.6361611655541907,
      0.651912711252,
      0.6785982695431845,
      0.6980713813712384,
      0.7197239166325682,
      0.7283281630059203,
      0.7498458893069793,
      0.7540044390176448,
      0.7654442967298216,
      0.7753159435541536,
      0.7894467560180011,
      0.8095189759087423,
      0.8254107381889438,
      0.8599006014395747,
      0.8655569926661075,
      0.8857969862472366,
      0.8997405318468193,
      0.9270027548909399,
      0.9462196119321706,
      0.9583312040536489,
      0.9770316968282097,
      0.9801241480993044,
      1.0096190826137676,
      1.026729087039439,
      1.0393604930267777,
      1.1306050971431238,
      1.1603693941427509,
      1.2303576122229691,
      1.2886021019865654,
      1.3043608496881436,
      1.3179315503520368,
      1.4022012958371262,
      1.4762431290078808,
      1.6330610362924236,
      1.7144302297565845,
      1.7361262439461964,
      2.316639344311212,
      2.9651180514342763,
      3.1390318862360798
    ]
  },