method,holdout,test_r2,test_mae,test_rmse,coverage90_test,coverage95_test,n_test
equal_mean,TEST1,0.8031734537180023,0.32684558562303295,0.4261258151361156,0.8252427184466019,0.9514563106796117,206
ridge,TEST1,0.8028320304454173,0.333248245295922,0.42649524251991094,0.8446601941747572,0.9611650485436893,206
nnls,TEST1,0.8012024470196564,0.32943158460130584,0.4282540967320269,0.8398058252427184,0.941747572815534,206
