{
  "TRAIN": {
    "n": 104,
    "rmse": 0.6629835336651608,
    "mae": 0.5126164380216113,
    "r2": 0.885185082581126
  },
  "VAL": {
    "n": 22,
    "rmse": 0.9013421721021372,
    "mae": 0.7111523103783169,
    "r2": 0.7833636571571289
  },
  "TEST": {
    "n": 23,
    "rmse": 0.7058084387049239,
    "mae": 0.6038117703845027,
    "r2": 0.8639960106858489
  },
  "ALL": {
    "n": 149,
    "rmse": 0.7096832765573791,
    "mae": 0.5560075912846585,
    "r2": 0.8688435890315831
  },
  "cv_val": {
    "replicate_0": {
      "n": 21,
      "rmse": 0.5762217719654555,
      "mae": 0.4718080408312693,
      "r2": 0.8785263390147223
    },
    "replicate_1": {
      "n": 21,
      "rmse": 0.8926668395200379,
      "mae": 0.6822647300482447,
      "r2": 0.8325012919638183
    },
    "replicate_2": {
      "n": 21,
      "rmse": 1.0546375768198328,
      "mae": 0.6179233785362852,
      "r2": 0.7013244958435295
    },
    "replicate_3": {
      "n": 21,
      "rmse": 1.2021520515374076,
      "mae": 0.8031572668125264,
      "r2": 0.6804378596196932
    },
    "replicate_4": {
      "n": 21,
      "rmse": 0.8703073192706476,
      "mae": 0.5894530059021199,
      "r2": 0.777378937000226
    },
    "mean_rmse": 0.9191971118226764,
    "std_rmse": 0.23405862961126953,
    "mean_mae": 0.6329212844260892,
    "std_mae": 0.12194975502794433,
    "mean_r2": 0.7740337846883978,
    "std_r2": 0.08425433406422429
  }
}