{
  "with_rxn": {
    "regression": {
      "model": "XGBoost",
      "train_r2": 0.9987717516072789,
      "test_r2": 0.7717427436896942,
      "cv_r2_mean": 0.49355473239974196,
      "cv_r2_std": 0.21012131308461968,
      "y_train_pred": 