{
  "with_rxn": {
    "regression": {
      "model": "Bagging(Random Forest x15)",
      "train_r2": 0.6751346494088142,
      "test_r2": 0.4580684343528505,
      "cv_r2_mean": 0.4223382972412434,
      "cv_r2_std": 0.15211225292922084
    }
  },
  "without_rxn": {
    "regression": {
      "model": "CatBoost",
      "train_r2": 0.473255285742365,
      "test_r2": 0.3962435765230772,
      "cv_r2_mean": 0.2839562948991757,
      "cv_r2_std": 0.13137213549860347
    }
  }
}