{
  "with_rxn": {
    "regression": {
      "model": "XGBoost",
      "train_r2": 0.9325250648479173,
      "test_r2": 0.7598399183732768,
      "cv_r2_mean": 0.4419392262265632,
      "cv_r2_std": 0.19377461221346381,
      "y_train_pred": 