{
  "with_rxn": {
    "regression": {
      "model": "LightGBM",
      "train_r2": 0.7041361905477206,
      "test_r2": 0.2637602911651883,
      "cv_r2_mean": 0.37144189021171387,
      "cv_r2_std": 0.10878514822686375
    }
  },
  "without_rxn": {
    "regression": {
      "model": "LightGBM",
      "train_r2": 0.4532875777882658,
      "test_r2": 0.13120713871655532,
      "cv_r2_mean": 0.12831792736002712,
      "cv_r2_std": 0.24059876474609992
    }
  }
}