{
  "with_rxn": {
    "regression": {
      "model": "MLP",
      "train_r2": 0.7770786129696936,
      "test_r2": 0.691533061322475,
      "cv_r2_mean": 0.3611948021970897,
      "cv_r2_std": 0.15976316368681753,
      "y_train_pred": 