{
  "with_rxn": {
    "regression": {
      "model": "SVR",
      "train_r2": 0.7952552599046996,
      "test_r2": 0.7044365231370564,
      "cv_r2_mean": 0.425058993365962,
      "cv_r2_std": 0.18111174504699146,
      "y_train_pred": 