{
  "counts": {
    "TRAIN": 619,
    "TEST1": 206,
    "VAL": 206
  },
  "ratios": [
    0.6,
    0.2,
    0.2
  ],
  "group_by": "pair",
  "HTE_lnk_corrected_by_split": {
    "TRAIN": {
      "n": 619,
      "mean": 1.6376525110188795,
      "std": 0.9069450578865872,
      "min": -1.0742537588826924,
      "max": 4.010299956639812
    },
    "VAL": {
      "n": 206,
      "mean": 1.6857179248077265,
      "std": 0.942670654422351,
      "min": -1.4180172960191997,
      "max": 3.709269960975831
    },
    "TEST1": {
      "n": 206,
      "mean": 1.7697009247026156,
      "std": 0.9604969917759824,
      "min": -0.518621997318092,
      "max": 3.8853612200315117
    }
  }
}