{
  "log10": {
    "r2": 0.761440763984518,
    "mae": 0.2995861749801955,
    "rmse": 0.4628283818964806
  },
  "rate": {
    "r2": 0.21556727253511998
  },
  "cv_log10": {
    "r2": 0.7452560449518744,
    "mae": 0.3090406060218811,
    "rmse": 0.4782707095146179
  },
  "cv_rate": {
    "r2": 0.20940924070676747
  },
  "weights": {
    "w_mlp": 0.1720953723386081,
    "w_lgb": 0.886458252354915,
    "b": -0.1739643541590527
  },
  "cv_weights_mean": {
    "w_mlp": 0.1727957125235048,
    "w_lgb": 0.8867752066328576,
    "b": -0.17592035336166925
  }
}