{
  "log10": {
    "r2": 0.76855945501419,
    "mae": 0.2854868278431176,
    "rmse": 0.45587060276160235
  },
  "rate": {
    "r2": 0.24782663312831654
  },
  "cv_log10": {
    "r2": 0.7523079262750536,
    "mae": 0.2949686348438263,
    "rmse": 0.47160446643829346
  },
  "cv_rate": {
    "r2": 0.2328675597259714
  },
  "weights": {
    "w_mlp": 0.27621428453764646,
    "w_lgb": 0.785709964767837,
    "b": -0.2483091329201491
  },
  "cv_weights_mean": {
    "w_mlp": 0.2767734539160187,
    "w_lgb": 0.7866216519195549,
    "b": -0.2515874544197366
  }
}